Timestamp,Connection_ID,State,Bytes_Sent,Bytes_Received
0.5965559482574463,0,CONNECTED,0,0
0.5997345447540283,0,HEADER_SENT,207,0
0.5998997688293457,0,HEADER_SENT,28,0
0.9739539623260498,1,CONNECTED,0,0
0.9778547286987305,1,HEADER_SENT,206,0
0.9781005382537842,1,HEADER_SENT,22,0
1.4347097873687744,2,CONNECTED,0,0
1.4381728172302246,2,HEADER_SENT,214,0
1.4383842945098877,2,HEADER_SENT,16,0
1.8652005195617676,3,CONNECTED,0,0
1.8685853481292725,3,HEADER_SENT,225,0
1.8689885139465332,3,HEADER_SENT,40,0
2.23248028755188,4,CONNECTED,0,0
2.235368490219116,4,HEADER_SENT,202,0
2.2356011867523193,4,HEADER_SENT,44,0
2.745288372039795,5,CONNECTED,0,0
2.7489686012268066,5,HEADER_SENT,213,0
2.7492165565490723,5,HEADER_SENT,24,0
3.2359635829925537,6,CONNECTED,0,0
3.239053249359131,6,HEADER_SENT,197,0
3.2409727573394775,6,HEADER_SENT,48,0
3.750673532485962,7,CONNECTED,0,0
3.753697395324707,7,HEADER_SENT,221,0
3.753957509994507,7,HEADER_SENT,31,0
4.259284496307373,8,CONNECTED,0,0
4.262892484664917,8,HEADER_SENT,234,0
4.263140439987183,8,HEADER_SENT,18,0
4.69297194480896,9,CONNECTED,0,0
4.699928283691406,9,HEADER_SENT,205,0
4.700141906738281,9,HEADER_SENT,9,0
5.172173261642456,10,CONNECTED,0,0
5.1752400398254395,10,HEADER_SENT,213,0
5.175483226776123,10,HEADER_SENT,22,0
5.6418468952178955,11,CONNECTED,0,0
5.648037910461426,11,HEADER_SENT,215,0
5.648386478424072,11,HEADER_SENT,45,0
6.129469871520996,12,CONNECTED,0,0
6.132593393325806,12,HEADER_SENT,227,0
6.132964372634888,12,HEADER_SENT,48,0
6.732515335083008,13,CONNECTED,0,0
6.733867883682251,13,HEADER_SENT,216,0
6.733983755111694,13,HEADER_SENT,29,0
7.2516703605651855,14,CONNECTED,0,0
7.252329111099243,14,HEADER_SENT,216,0
7.2524237632751465,14,HEADER_SENT,18,0
8.786110162734985,15,CONNECTED,0,0
8.7870032787323,15,HEADER_SENT,217,0
8.787105560302734,15,HEADER_SENT,17,0
9.09256887435913,16,CONNECTED,0,0
9.09310507774353,16,HEADER_SENT,196,0
9.093194246292114,16,HEADER_SENT,31,0
9.608571290969849,17,CONNECTED,0,0
9.611750364303589,17,HEADER_SENT,212,0
9.6119966506958,17,HEADER_SENT,35,0
10.602110385894775,0,HEADER_SENT,23,0
10.97851014137268,1,HEADER_SENT,39,0
11.244622468948364,18,CONNECTED,0,0
11.246072053909302,18,HEADER_SENT,216,0
11.246381282806396,18,HEADER_SENT,42,0
11.439473867416382,2,HEADER_SENT,37,0
11.755881071090698,19,CONNECTED,0,0
11.758889436721802,19,HEADER_SENT,224,0
11.7595956325531,19,HEADER_SENT,48,0
11.869574069976807,3,HEADER_SENT,24,0
12.167951107025146,20,CONNECTED,0,0
12.170907020568848,20,HEADER_SENT,205,0
12.171141624450684,20,HEADER_SENT,30,0
12.235919713973999,4,HEADER_SENT,29,0
12.67397165298462,21,CONNECTED,0,0
12.675404071807861,21,HEADER_SENT,229,0
12.67562747001648,21,HEADER_SENT,26,0
12.749565124511719,5,HEADER_SENT,43,0
13.188929557800293,22,CONNECTED,0,0
13.19000792503357,22,HEADER_SENT,215,0
13.190272808074951,22,HEADER_SENT,27,0
13.24146556854248,6,HEADER_SENT,35,0
13.630287647247314,23,CONNECTED,0,0
13.63140344619751,23,HEADER_SENT,228,0
13.63150954246521,23,HEADER_SENT,20,0
13.75502347946167,7,HEADER_SENT,19,0
14.083898782730103,24,CONNECTED,0,0
14.084825277328491,24,HEADER_SENT,224,0
14.084960222244263,24,HEADER_SENT,30,0
14.263483047485352,8,HEADER_SENT,36,0
14.52295207977295,25,CONNECTED,0,0
14.523740530014038,25,HEADER_SENT,219,0
14.523838996887207,25,HEADER_SENT,14,0
14.702355146408081,9,HEADER_SENT,39,0
15.1093590259552,26,CONNECTED,0,0
15.110088586807251,26,HEADER_SENT,211,0
15.11022686958313,26,HEADER_SENT,25,0
15.175793409347534,10,HEADER_SENT,15,0
15.543343544006348,27,CONNECTED,0,0
15.546623229980469,27,HEADER_SENT,223,0
15.547171831130981,27,HEADER_SENT,22,0
15.648751020431519,11,HEADER_SENT,21,0
16.134368181228638,12,HEADER_SENT,28,0
16.210001945495605,28,CONNECTED,0,0
16.213135480880737,28,HEADER_SENT,220,0
16.213356971740723,28,HEADER_SENT,24,0
16.67569065093994,29,CONNECTED,0,0
16.678419589996338,29,HEADER_SENT,220,0
16.678552627563477,29,HEADER_SENT,19,0
16.736167907714844,13,HEADER_SENT,16,0
17.087092399597168,30,CONNECTED,0,0
17.088289260864258,30,HEADER_SENT,211,0
17.088510036468506,30,HEADER_SENT,30,0
17.253589153289795,14,HEADER_SENT,15,0
17.48768424987793,31,CONNECTED,0,0
17.491058826446533,31,HEADER_SENT,194,0
17.491296529769897,31,HEADER_SENT,18,0
18.788697481155396,15,HEADER_SENT,11,0
18.83884572982788,32,CONNECTED,0,0
18.84098744392395,32,HEADER_SENT,206,0
18.84122133255005,32,HEADER_SENT,40,0
19.09529185295105,16,HEADER_SENT,40,0
19.38596224784851,33,CONNECTED,0,0
19.38931703567505,33,HEADER_SENT,213,0
19.38955569267273,33,HEADER_SENT,24,0
19.614047288894653,17,HEADER_SENT,43,0
19.884828567504883,34,CONNECTED,0,0
19.88852620124817,34,HEADER_SENT,215,0
19.889111518859863,34,HEADER_SENT,35,0
20.26758098602295,35,CONNECTED,0,0
20.269525289535522,35,HEADER_SENT,212,0
20.269824743270874,35,HEADER_SENT,38,0
20.60489845275879,0,HEADER_SENT,32,0
20.649718523025513,36,CONNECTED,0,0
20.654858112335205,36,HEADER_SENT,224,0
20.65521240234375,36,HEADER_SENT,35,0
20.9808452129364,1,HEADER_SENT,24,0
21.121201753616333,37,CONNECTED,0,0
21.124744415283203,37,HEADER_SENT,203,0
21.125029802322388,37,HEADER_SENT,39,0
21.249220848083496,18,HEADER_SENT,23,0
21.44358229637146,2,HEADER_SENT,29,0
21.61592698097229,38,CONNECTED,0,0
21.61961340904236,38,HEADER_SENT,202,0
21.619896411895752,38,HEADER_SENT,45,0
21.761679887771606,19,HEADER_SENT,16,0
21.872485637664795,3,HEADER_SENT,38,0
22.173216342926025,20,HEADER_SENT,30,0
22.237979412078857,4,HEADER_SENT,16,0
22.67625856399536,21,HEADER_SENT,21,0
22.751630783081055,5,HEADER_SENT,34,0
22.99718475341797,39,CONNECTED,0,0
23.000915050506592,39,HEADER_SENT,215,0
23.00115990638733,39,HEADER_SENT,24,0
23.193138360977173,22,HEADER_SENT,31,0
23.242984533309937,6,HEADER_SENT,30,0
23.25140142440796,40,CONNECTED,0,0
23.254176378250122,40,HEADER_SENT,193,0
23.25439739227295,40,HEADER_SENT,16,0
23.516963958740234,41,CONNECTED,0,0
23.5198655128479,41,HEADER_SENT,214,0
23.520111322402954,41,HEADER_SENT,36,0
23.633666038513184,23,HEADER_SENT,27,0
23.758994817733765,7,HEADER_SENT,22,0
23.957821369171143,42,CONNECTED,0,0
23.962129592895508,42,HEADER_SENT,231,0
23.962391138076782,42,HEADER_SENT,33,0
24.087610006332397,24,HEADER_SENT,34,0
24.26541018486023,8,HEADER_SENT,45,0
24.526445627212524,25,HEADER_SENT,28,0
24.580055952072144,43,CONNECTED,0,0
24.583380937576294,43,HEADER_SENT,202,0
24.583665370941162,43,HEADER_SENT,35,0
24.704586029052734,9,HEADER_SENT,33,0
25.006966829299927,44,CONNECTED,0,0
25.011428356170654,44,HEADER_SENT,224,0
25.011687517166138,44,HEADER_SENT,30,0
25.112295389175415,26,HEADER_SENT,40,0
25.17655348777771,10,HEADER_SENT,25,0
25.537972927093506,45,CONNECTED,0,0
25.543364763259888,45,HEADER_SENT,220,0
25.543619632720947,45,HEADER_SENT,20,0
25.54941177368164,27,HEADER_SENT,12,0
25.65070104598999,11,HEADER_SENT,14,0
26.136452436447144,12,HEADER_SENT,40,0
26.215362310409546,28,HEADER_SENT,16,0
26.680182456970215,29,HEADER_SENT,48,0
26.738608837127686,13,HEADER_SENT,35,0
27.073455333709717,46,CONNECTED,0,0
27.077280521392822,46,HEADER_SENT,207,0
27.077500343322754,46,HEADER_SENT,20,0
27.089094400405884,30,HEADER_SENT,21,0
27.2557430267334,14,HEADER_SENT,20,0
27.4955837726593,31,HEADER_SENT,42,0
27.577542066574097,47,CONNECTED,0,0
27.57988166809082,47,HEADER_SENT,223,0
27.580016374588013,47,HEADER_SENT,23,0
28.791109800338745,15,HEADER_SENT,40,0
28.845043897628784,32,HEADER_SENT,32,0
29.098630905151367,16,HEADER_SENT,26,0
29.10379409790039,48,CONNECTED,0,0
29.107853651046753,48,HEADER_SENT,206,0
29.108084678649902,48,HEADER_SENT,34,0
29.39165163040161,33,HEADER_SENT,40,0
29.518996000289917,49,CONNECTED,0,0
29.522462129592896,49,HEADER_SENT,194,0
29.522812604904175,49,HEADER_SENT,12,0
29.617025136947632,17,HEADER_SENT,17,0
29.891753673553467,34,HEADER_SENT,8,0
30.27194333076477,35,HEADER_SENT,29,0
30.60843825340271,0,HEADER_SENT,26,0
30.657613039016724,36,HEADER_SENT,27,0
30.984850883483887,1,HEADER_SENT,36,0
31.01474666595459,50,CONNECTED,0,0
31.018329620361328,50,HEADER_SENT,220,0
31.018619060516357,50,HEADER_SENT,50,0
31.127049207687378,37,HEADER_SENT,37,0
31.25234842300415,18,HEADER_SENT,23,0
31.446675300598145,2,HEADER_SENT,45,0
31.50003147125244,51,CONNECTED,0,0
31.504064083099365,51,HEADER_SENT,220,0
31.504300594329834,51,HEADER_SENT,29,0
31.622029066085815,38,HEADER_SENT,45,0
31.76377511024475,19,HEADER_SENT,25,0
31.876389980316162,3,HEADER_SENT,35,0
31.88298535346985,52,CONNECTED,0,0
31.88645577430725,52,HEADER_SENT,214,0
31.886699676513672,52,HEADER_SENT,31,0
32.176878452301025,20,HEADER_SENT,20,0
32.22224426269531,53,CONNECTED,0,0
32.22581648826599,53,HEADER_SENT,216,0
32.22604250907898,53,HEADER_SENT,24,0
32.24164152145386,4,HEADER_SENT,16,0
32.544373512268066,54,CONNECTED,0,0
32.54697513580322,54,HEADER_SENT,209,0
32.54717683792114,54,HEADER_SENT,31,0
32.67812728881836,21,HEADER_SENT,32,0
32.7538743019104,5,HEADER_SENT,27,0
33.00360894203186,39,HEADER_SENT,22,0
33.0238082408905,55,CONNECTED,0,0
33.02699685096741,55,HEADER_SENT,207,0
33.02722764015198,55,HEADER_SENT,34,0
33.19672703742981,22,HEADER_SENT,22,0
33.24680137634277,6,HEADER_SENT,8,0
33.25636553764343,40,HEADER_SENT,28,0
33.470847606658936,56,CONNECTED,0,0
33.4744188785553,56,HEADER_SENT,200,0
33.4746880531311,56,HEADER_SENT,25,0
33.52217745780945,41,HEADER_SENT,22,0
33.63468289375305,23,HEADER_SENT,13,0
33.76271438598633,7,HEADER_SENT,26,0
33.880420207977295,57,CONNECTED,0,0
33.88427400588989,57,HEADER_SENT,201,0
33.88451623916626,57,HEADER_SENT,35,0
33.964900732040405,42,HEADER_SENT,24,0
34.08948802947998,24,HEADER_SENT,24,0
34.2675507068634,8,HEADER_SENT,10,0
34.332274436950684,58,CONNECTED,0,0
34.33477163314819,58,HEADER_SENT,210,0
34.33499264717102,58,HEADER_SENT,39,0
34.52828931808472,25,HEADER_SENT,29,0
34.58531212806702,43,HEADER_SENT,30,0
34.708924531936646,9,HEADER_SENT,32,0
35.00640797615051,59,CONNECTED,0,0
35.009830951690674,59,HEADER_SENT,221,0
35.010074615478516,59,HEADER_SENT,23,0
35.01207900047302,44,HEADER_SENT,25,0
35.11570954322815,26,HEADER_SENT,38,0
35.18033289909363,10,HEADER_SENT,20,0
35.5459361076355,45,HEADER_SENT,27,0
35.553157329559326,27,HEADER_SENT,36,0
35.58279848098755,60,CONNECTED,0,0
35.58621573448181,60,HEADER_SENT,204,0
35.58644390106201,60,HEADER_SENT,18,0
35.6546950340271,11,HEADER_SENT,30,0
36.13976430892944,12,HEADER_SENT,17,0
36.21819472312927,28,HEADER_SENT,22,0
36.320969581604004,61,CONNECTED,0,0
36.32487368583679,61,HEADER_SENT,220,0
36.32513427734375,61,HEADER_SENT,34,0
36.68416142463684,29,HEADER_SENT,44,0
36.74236845970154,13,HEADER_SENT,25,0
37.05428218841553,62,CONNECTED,0,0
37.05763268470764,62,HEADER_SENT,207,0
37.05789303779602,62,HEADER_SENT,35,0
37.07938575744629,46,HEADER_SENT,9,0
37.09076237678528,30,HEADER_SENT,22,0
37.25897550582886,14,HEADER_SENT,36,0
37.49923014640808,31,HEADER_SENT,12,0
37.52393865585327,63,CONNECTED,0,0
37.52768063545227,63,HEADER_SENT,204,0
37.527944564819336,63,HEADER_SENT,29,0
37.58219313621521,47,HEADER_SENT,20,0
38.12524890899658,64,CONNECTED,0,0
38.13063955307007,64,HEADER_SENT,221,0
38.130919218063354,64,HEADER_SENT,29,0
38.5835325717926,65,CONNECTED,0,0
38.587228536605835,65,HEADER_SENT,223,0
38.58748388290405,65,HEADER_SENT,39,0
38.792487144470215,15,HEADER_SENT,38,0
38.84643030166626,32,HEADER_SENT,42,0
38.96439051628113,66,CONNECTED,0,0
38.96808624267578,66,HEADER_SENT,216,0
38.96834754943848,66,HEADER_SENT,38,0
39.10157585144043,16,HEADER_SENT,30,0
39.110068798065186,48,HEADER_SENT,35,0
39.30561947822571,67,CONNECTED,0,0
39.309478521347046,67,HEADER_SENT,208,0
39.30966067314148,67,HEADER_SENT,15,0
39.39290142059326,33,HEADER_SENT,31,0
39.52499485015869,49,HEADER_SENT,16,0
39.62000751495361,17,HEADER_SENT,22,0
39.69803738594055,68,CONNECTED,0,0
39.7005774974823,68,HEADER_SENT,213,0
39.70092058181763,68,HEADER_SENT,27,0
39.893879652023315,34,HEADER_SENT,43,0
40.19557523727417,69,CONNECTED,0,0
40.19970178604126,69,HEADER_SENT,210,0
40.19995188713074,69,HEADER_SENT,23,0
40.27554225921631,35,HEADER_SENT,19,0
40.61071467399597,0,HEADER_SENT,13,0
40.660940408706665,36,HEADER_SENT,33,0
40.71481919288635,70,CONNECTED,0,0
40.71843409538269,70,HEADER_SENT,216,0
40.721001625061035,70,HEADER_SENT,28,0
40.98711919784546,1,HEADER_SENT,35,0
41.021286487579346,50,HEADER_SENT,49,0
41.0936815738678,71,CONNECTED,0,0
41.09719204902649,71,HEADER_SENT,229,0
41.097400188446045,71,HEADER_SENT,24,0
41.13081765174866,37,HEADER_SENT,23,0
41.25481986999512,18,HEADER_SENT,44,0
41.44903063774109,2,HEADER_SENT,18,0
41.50645470619202,51,HEADER_SENT,32,0
41.62631154060364,38,HEADER_SENT,51,0
41.644888162612915,72,CONNECTED,0,0
41.64913868904114,72,HEADER_SENT,232,0
41.64943742752075,72,HEADER_SENT,45,0
41.76954627037048,19,HEADER_SENT,29,0
41.87890124320984,3,HEADER_SENT,15,0
41.88873600959778,52,HEADER_SENT,31,0
42.053664684295654,73,CONNECTED,0,0
42.057236433029175,73,HEADER_SENT,208,0
42.057549715042114,73,HEADER_SENT,30,0
42.178523778915405,20,HEADER_SENT,20,0
42.22799038887024,53,HEADER_SENT,39,0
42.24309277534485,4,HEADER_SENT,22,0
42.312079191207886,74,CONNECTED,0,0
42.31623816490173,74,HEADER_SENT,205,0
42.31656002998352,74,HEADER_SENT,34,0
42.5511269569397,54,HEADER_SENT,18,0
42.680272340774536,21,HEADER_SENT,34,0
42.71017932891846,75,CONNECTED,0,0
42.71274280548096,75,HEADER_SENT,211,0
42.71299171447754,75,HEADER_SENT,48,0
42.75579047203064,5,HEADER_SENT,35,0
43.00618052482605,39,HEADER_SENT,31,0
43.02934145927429,55,HEADER_SENT,37,0
43.17973494529724,76,CONNECTED,0,0
43.18308091163635,76,HEADER_SENT,223,0
43.18335556983948,76,HEADER_SENT,32,0
43.198936223983765,22,HEADER_SENT,39,0
43.25164079666138,6,HEADER_SENT,29,0
43.26005458831787,40,HEADER_SENT,35,0
43.47552847862244,56,HEADER_SENT,44,0
43.50251817703247,77,CONNECTED,0,0
43.50666952133179,77,HEADER_SENT,212,0
43.506892681121826,77,HEADER_SENT,12,0
43.52626633644104,41,HEADER_SENT,31,0
43.63692760467529,23,HEADER_SENT,18,0
43.7657425403595,7,HEADER_SENT,29,0
43.88687252998352,57,HEADER_SENT,19,0
43.96812200546265,42,HEADER_SENT,26,0
43.99612498283386,78,CONNECTED,0,0
43.999961137771606,78,HEADER_SENT,207,0
44.00022602081299,78,HEADER_SENT,43,0
44.09150505065918,24,HEADER_SENT,14,0
44.26992654800415,8,HEADER_SENT,32,0
44.337239265441895,58,HEADER_SENT,12,0
44.44739031791687,79,CONNECTED,0,0
44.45073413848877,79,HEADER_SENT,196,0
44.45095682144165,79,HEADER_SENT,17,0
44.53073596954346,25,HEADER_SENT,28,0
44.58939790725708,43,HEADER_SENT,22,0
44.71114230155945,9,HEADER_SENT,41,0
44.82986617088318,80,CONNECTED,0,0
44.83371615409851,80,HEADER_SENT,222,0
44.83393716812134,80,HEADER_SENT,14,0
45.01192498207092,59,HEADER_SENT,35,0
45.013840675354004,44,HEADER_SENT,38,0
45.118128061294556,26,HEADER_SENT,28,0
45.18223237991333,10,HEADER_SENT,32,0
45.23080253601074,81,CONNECTED,0,0
45.23448443412781,81,HEADER_SENT,223,0
45.234734535217285,81,HEADER_SENT,27,0
45.54824876785278,45,HEADER_SENT,24,0
45.55562615394592,27,HEADER_SENT,49,0
45.58858680725098,60,HEADER_SENT,32,0
45.6445426940918,82,CONNECTED,0,0
45.65040993690491,82,HEADER_SENT,194,0
45.650668144226074,82,HEADER_SENT,18,0
45.658403158187866,11,HEADER_SENT,21,0
46.06249237060547,83,CONNECTED,0,0
46.06795692443848,83,HEADER_SENT,226,0
46.068281173706055,83,HEADER_SENT,49,0
46.141897439956665,12,HEADER_SENT,36,0
46.21959447860718,28,HEADER_SENT,24,0
46.32731652259827,61,HEADER_SENT,47,0
46.47197937965393,84,CONNECTED,0,0
46.47551870346069,84,HEADER_SENT,208,0
46.47805833816528,84,HEADER_SENT,15,0
46.68652844429016,29,HEADER_SENT,36,0
46.7443528175354,13,HEADER_SENT,21,0
47.06011891365051,62,HEADER_SENT,28,0
47.08368515968323,46,HEADER_SENT,30,0
47.092562675476074,30,HEADER_SENT,34,0
47.26209998130798,14,HEADER_SENT,18,0
47.50169372558594,31,HEADER_SENT,23,0
47.52999472618103,63,HEADER_SENT,22,0
47.584362745285034,47,HEADER_SENT,30,0
48.00889182090759,85,CONNECTED,0,0
48.01318955421448,85,HEADER_SENT,212,0
48.013511180877686,85,HEADER_SENT,39,0
48.132580280303955,64,HEADER_SENT,40,0
48.26246523857117,86,CONNECTED,0,0
48.2645263671875,86,HEADER_SENT,203,0
48.2666335105896,86,HEADER_SENT,21,0
48.5884735584259,65,HEADER_SENT,30,0
48.627525329589844,87,CONNECTED,0,0
48.629868507385254,87,HEADER_SENT,214,0
48.630752086639404,87,HEADER_SENT,25,0
48.79301834106445,15,HEADER_SENT,32,0
48.847062826156616,32,HEADER_SENT,20,0
48.96888709068298,66,HEADER_SENT,19,0
48.98510551452637,88,CONNECTED,0,0
48.986912965774536,88,HEADER_SENT,205,0
48.98750376701355,88,HEADER_SENT,26,0
49.10256600379944,16,HEADER_SENT,41,0
49.11042761802673,48,HEADER_SENT,17,0
49.311240911483765,67,HEADER_SENT,40,0
49.382731437683105,89,CONNECTED,0,0
49.38406729698181,89,HEADER_SENT,216,0
49.38439178466797,89,HEADER_SENT,25,0
49.39458656311035,33,HEADER_SENT,28,0
49.527286767959595,49,HEADER_SENT,29,0
49.62087631225586,17,HEADER_SENT,34,0
49.70319437980652,68,HEADER_SENT,19,0
49.752891302108765,90,CONNECTED,0,0
49.754178285598755,90,HEADER_SENT,222,0
49.75441908836365,90,HEADER_SENT,28,0
49.898701906204224,34,HEADER_SENT,12,0
50.20281791687012,69,HEADER_SENT,37,0
50.20510220527649,91,CONNECTED,0,0
50.20788598060608,91,HEADER_SENT,208,0
50.20824074745178,91,HEADER_SENT,36,0
50.277897357940674,35,HEADER_SENT,48,0
50.56054353713989,92,CONNECTED,0,0
50.56260895729065,92,HEADER_SENT,205,0
50.56324338912964,92,HEADER_SENT,29,0
50.61278581619263,0,HEADER_SENT,10,0
50.66425371170044,36,HEADER_SENT,19,0
50.721996545791626,70,HEADER_SENT,48,0
50.989118576049805,1,HEADER_SENT,35,0
51.003515005111694,93,CONNECTED,0,0
51.00733470916748,93,HEADER_SENT,206,0
51.00750684738159,93,HEADER_SENT,29,0
51.0219886302948,50,HEADER_SENT,16,0
51.099382162094116,71,HEADER_SENT,28,0
51.13356113433838,37,HEADER_SENT,29,0
51.25771188735962,18,HEADER_SENT,36,0
51.39892220497131,94,CONNECTED,0,0
51.40440607070923,94,HEADER_SENT,223,0
51.40461230278015,94,HEADER_SENT,21,0
51.451672077178955,2,HEADER_SENT,27,0
51.50799608230591,51,HEADER_SENT,32,0
51.6285834312439,38,HEADER_SENT,39,0
51.65274930000305,72,HEADER_SENT,12,0
51.772010803222656,19,HEADER_SENT,27,0
51.81163954734802,95,CONNECTED,0,0
51.81513166427612,95,HEADER_SENT,218,0
51.81540369987488,95,HEADER_SENT,20,0
51.881038427352905,3,HEADER_SENT,27,0
51.89023971557617,52,HEADER_SENT,34,0
52.05912399291992,73,HEADER_SENT,47,0
52.18005180358887,20,HEADER_SENT,41,0
52.22964954376221,53,HEADER_SENT,47,0
52.245136737823486,4,HEADER_SENT,45,0
52.31999659538269,74,HEADER_SENT,26,0
52.33682942390442,96,CONNECTED,0,0
52.34052658081055,96,HEADER_SENT,212,0
52.340827226638794,96,HEADER_SENT,25,0
52.55401134490967,54,HEADER_SENT,12,0
52.68292212486267,21,HEADER_SENT,41,0
52.71511697769165,75,HEADER_SENT,46,0
52.74280381202698,97,CONNECTED,0,0
52.74573302268982,97,HEADER_SENT,195,0
52.74598050117493,97,HEADER_SENT,30,0
52.75785279273987,5,HEADER_SENT,44,0
53.009361267089844,39,HEADER_SENT,9,0
53.03163146972656,55,HEADER_SENT,25,0
53.053218603134155,98,CONNECTED,0,0
53.05570149421692,98,HEADER_SENT,229,0
53.05589509010315,98,HEADER_SENT,26,0
53.18392562866211,76,HEADER_SENT,33,0
53.199647426605225,22,HEADER_SENT,29,0
53.252726793289185,6,HEADER_SENT,41,0
53.260804891586304,40,HEADER_SENT,37,0
53.349764823913574,99,CONNECTED,0,0
53.35230016708374,99,HEADER_SENT,204,0
53.35250973701477,99,HEADER_SENT,31,0
53.47662544250488,56,HEADER_SENT,17,0
53.50856947898865,77,HEADER_SENT,14,0
53.52897596359253,41,HEADER_SENT,19,0
53.63748383522034,23,HEADER_SENT,13,0
53.657315492630005,100,CONNECTED,0,0
53.658894062042236,100,HEADER_SENT,210,0
53.658998012542725,100,HEADER_SENT,13,0
53.76670169830322,7,HEADER_SENT,42,0
53.887521266937256,57,HEADER_SENT,34,0
53.96968412399292,42,HEADER_SENT,36,0
54.000734090805054,78,HEADER_SENT,14,0
54.0217719078064,101,CONNECTED,0,0
54.022945165634155,101,HEADER_SENT,199,0
54.02314567565918,101,HEADER_SENT,21,0
54.09214949607849,24,HEADER_SENT,11,0
54.270751953125,8,HEADER_SENT,26,0
54.30177164077759,102,CONNECTED,0,0
54.30288219451904,102,HEADER_SENT,209,0
54.30312466621399,102,HEADER_SENT,43,0
54.33783793449402,58,HEADER_SENT,24,0
54.45130157470703,79,HEADER_SENT,28,0
54.531272411346436,25,HEADER_SENT,20,0
54.58324074745178,103,CONNECTED,0,0
54.58422589302063,103,HEADER_SENT,213,0
54.584518909454346,103,HEADER_SENT,37,0
54.58993148803711,43,HEADER_SENT,38,0
54.711973667144775,9,HEADER_SENT,20,0
54.83429145812988,80,HEADER_SENT,26,0
54.94896674156189,104,CONNECTED,0,0
54.94989991188049,104,HEADER_SENT,210,0
54.949997425079346,104,HEADER_SENT,29,0
55.01234841346741,59,HEADER_SENT,28,0
55.01438808441162,44,HEADER_SENT,17,0
55.11882281303406,26,HEADER_SENT,19,0
55.183168172836304,10,HEADER_SENT,23,0
55.23518204689026,81,HEADER_SENT,36,0
55.38406729698181,105,CONNECTED,0,0
55.38492465019226,105,HEADER_SENT,214,0
55.38503837585449,105,HEADER_SENT,32,0
55.54924035072327,45,HEADER_SENT,27,0
55.556097745895386,27,HEADER_SENT,32,0
55.58913564682007,60,HEADER_SENT,24,0
55.65223574638367,82,HEADER_SENT,33,0
55.65954566001892,11,HEADER_SENT,22,0
55.894248723983765,106,CONNECTED,0,0
55.89594745635986,106,HEADER_SENT,226,0
55.89605736732483,106,HEADER_SENT,30,0
56.06990885734558,83,HEADER_SENT,13,0
56.14307451248169,12,HEADER_SENT,35,0
56.22038292884827,28,HEADER_SENT,32,0
56.26488280296326,107,CONNECTED,0,0
56.26831293106079,107,HEADER_SENT,215,0
56.2685661315918,107,HEADER_SENT,28,0
56.32894849777222,61,HEADER_SENT,29,0
56.48007297515869,84,HEADER_SENT,18,0
56.68943428993225,29,HEADER_SENT,41,0
56.71586990356445,108,CONNECTED,0,0
56.71909737586975,108,HEADER_SENT,222,0
56.71939945220947,108,HEADER_SENT,33,0
56.746506214141846,13,HEADER_SENT,36,0
57.06224298477173,62,HEADER_SENT,12,0
57.08606219291687,46,HEADER_SENT,37,0
57.094462871551514,30,HEADER_SENT,22,0
57.16059231758118,109,CONNECTED,0,0
57.16393184661865,109,HEADER_SENT,230,0
57.16421556472778,109,HEADER_SENT,37,0
57.26502823829651,14,HEADER_SENT,18,0
57.503939628601074,31,HEADER_SENT,22,0
57.53176999092102,63,HEADER_SENT,42,0
57.586475133895874,47,HEADER_SENT,17,0
57.69547414779663,110,CONNECTED,0,0
57.696115255355835,110,HEADER_SENT,234,0
57.69620752334595,110,HEADER_SENT,31,0
58.01408576965332,85,HEADER_SENT,33,0
58.13324022293091,64,HEADER_SENT,26,0
58.267056941986084,86,HEADER_SENT,21,0
58.282105445861816,111,CONNECTED,0,0
58.28404211997986,111,HEADER_SENT,205,0
58.28421974182129,111,HEADER_SENT,23,0
58.590718269348145,65,HEADER_SENT,21,0
58.63120150566101,87,HEADER_SENT,24,0
58.79398775100708,15,HEADER_SENT,15,0
58.79968810081482,112,CONNECTED,0,0
58.80244731903076,112,HEADER_SENT,228,0
58.802889347076416,112,HEADER_SENT,26,0
58.84759593009949,32,HEADER_SENT,32,0
58.96987867355347,66,HEADER_SENT,29,0
58.98836970329285,88,HEADER_SENT,32,0
59.103631258010864,16,HEADER_SENT,32,0
59.107381105422974,113,CONNECTED,0,0
59.10810899734497,113,HEADER_SENT,211,0
59.10825729370117,113,HEADER_SENT,40,0
59.110764026641846,48,HEADER_SENT,35,0
59.31177759170532,67,HEADER_SENT,24,0
59.3849663734436,89,HEADER_SENT,29,0
59.39523696899414,33,HEADER_SENT,30,0
59.47018623352051,114,CONNECTED,0,0
59.471025466918945,114,HEADER_SENT,199,0
59.471136808395386,114,HEADER_SENT,21,0
59.52772617340088,49,HEADER_SENT,7,0
59.62151861190796,17,HEADER_SENT,43,0
59.7039852142334,68,HEADER_SENT,44,0
59.75484299659729,90,HEADER_SENT,19,0
59.90234041213989,34,HEADER_SENT,44,0
60.0950391292572,115,CONNECTED,0,0
60.098347425460815,115,HEADER_SENT,195,0
60.098567724227905,115,HEADER_SENT,18,0
60.203378200531006,69,HEADER_SENT,37,0
60.20892786979675,91,HEADER_SENT,34,0
60.278300046920776,35,HEADER_SENT,26,0
60.565295696258545,92,HEADER_SENT,28,0
60.58600664138794,116,CONNECTED,0,0
60.58744835853577,116,HEADER_SENT,209,0
60.58754348754883,116,HEADER_SENT,13,0
60.61407971382141,0,HEADER_SENT,41,0
60.66577410697937,36,HEADER_SENT,25,0
60.722618103027344,70,HEADER_SENT,21,0
60.9194061756134,117,CONNECTED,0,0
60.92081022262573,117,HEADER_SENT,216,0
60.92137360572815,117,HEADER_SENT,36,0
60.991153955459595,1,HEADER_SENT,24,0
61.00810146331787,93,HEADER_SENT,43,0
61.022706270217896,50,HEADER_SENT,38,0
61.100125551223755,71,HEADER_SENT,37,0
61.135754346847534,37,HEADER_SENT,17,0
61.25927233695984,18,HEADER_SENT,36,0
61.405081272125244,94,HEADER_SENT,39,0
61.452412605285645,2,HEADER_SENT,32,0
61.508755922317505,51,HEADER_SENT,32,0
61.528393507003784,118,CONNECTED,0,0
61.53018522262573,118,HEADER_SENT,202,0
61.53058075904846,118,HEADER_SENT,12,0
61.62903642654419,38,HEADER_SENT,30,0
61.65312480926514,72,HEADER_SENT,34,0
61.77365279197693,19,HEADER_SENT,27,0
61.817681074142456,95,HEADER_SENT,15,0
61.88422179222107,3,HEADER_SENT,31,0
61.89235711097717,52,HEADER_SENT,18,0
61.979012966156006,119,CONNECTED,0,0
61.98385310173035,119,HEADER_SENT,200,0
61.98734998703003,119,HEADER_SENT,32,0
62.06075429916382,73,HEADER_SENT,36,0
62.182037115097046,20,HEADER_SENT,27,0
62.23135018348694,53,HEADER_SENT,30,0
62.24611759185791,4,HEADER_SENT,28,0
62.32139277458191,74,HEADER_SENT,44,0
62.341169118881226,96,HEADER_SENT,25,0
62.40962600708008,120,CONNECTED,0,0
62.41015386581421,120,HEADER_SENT,200,0
62.41023874282837,120,HEADER_SENT,21,0
62.554391384124756,54,HEADER_SENT,23,0
62.683748960494995,21,HEADER_SENT,21,0
62.71586084365845,75,HEADER_SENT,34,0
62.746307611465454,97,HEADER_SENT,12,0
62.758949995040894,5,HEADER_SENT,45,0
62.83295559883118,121,CONNECTED,0,0
62.83412289619446,121,HEADER_SENT,193,0
62.83443570137024,121,HEADER_SENT,33,0
63.0107045173645,39,HEADER_SENT,15,0
63.03211688995361,55,HEADER_SENT,30,0
63.05629110336304,98,HEADER_SENT,27,0
63.184781074523926,76,HEADER_SENT,16,0
63.20044231414795,22,HEADER_SENT,35,0
63.233367919921875,122,CONNECTED,0,0
63.23444318771362,122,HEADER_SENT,204,0
63.23455309867859,122,HEADER_SENT,36,0
63.25369167327881,6,HEADER_SENT,22,0
63.26196050643921,40,HEADER_SENT,44,0
63.35498046875,99,HEADER_SENT,41,0
63.478710651397705,56,HEADER_SENT,21,0
63.5101523399353,77,HEADER_SENT,35,0
63.532570600509644,41,HEADER_SENT,7,0
63.625725984573364,123,CONNECTED,0,0
63.62903833389282,123,HEADER_SENT,204,0
63.629321813583374,123,HEADER_SENT,37,0
63.6410493850708,23,HEADER_SENT,34,0
63.66120457649231,100,HEADER_SENT,26,0
63.76942539215088,7,HEADER_SENT,48,0
63.88970923423767,57,HEADER_SENT,13,0
63.935298681259155,124,CONNECTED,0,0
63.93871784210205,124,HEADER_SENT,195,0
63.938939809799194,124,HEADER_SENT,18,0
63.97176551818848,42,HEADER_SENT,23,0
64.00318121910095,78,HEADER_SENT,11,0
64.0253849029541,101,HEADER_SENT,51,0
64.0951189994812,24,HEADER_SENT,32,0
64.27290201187134,8,HEADER_SENT,17,0
64.3054211139679,102,HEADER_SENT,49,0
64.31602907180786,125,CONNECTED,0,0
64.32151627540588,125,HEADER_SENT,221,0
64.32394814491272,125,HEADER_SENT,29,0
64.3397114276886,58,HEADER_SENT,16,0
64.45166110992432,79,HEADER_SENT,33,0
64.53196334838867,25,HEADER_SENT,21,0
64.5849437713623,103,HEADER_SENT,27,0
64.59043765068054,43,HEADER_SENT,36,0
64.71272921562195,9,HEADER_SENT,38,0
64.83472466468811,80,HEADER_SENT,33,0
64.95052933692932,104,HEADER_SENT,37,0
65.01431679725647,59,HEADER_SENT,35,0
65.01493787765503,44,HEADER_SENT,47,0
65.11946392059326,26,HEADER_SENT,26,0
65.18394589424133,10,HEADER_SENT,30,0
65.23561906814575,81,HEADER_SENT,7,0
65.38534140586853,105,HEADER_SENT,14,0
65.54972982406616,45,HEADER_SENT,8,0
65.55679893493652,27,HEADER_SENT,39,0
65.58966851234436,60,HEADER_SENT,19,0
65.65287804603577,82,HEADER_SENT,18,0
65.66047286987305,11,HEADER_SENT,30,0
65.74188375473022,126,CONNECTED,0,0
65.7442889213562,126,HEADER_SENT,232,0
65.74452710151672,126,HEADER_SENT,42,0
65.89654731750488,106,HEADER_SENT,38,0
66.0706136226654,83,HEADER_SENT,36,0
66.14478468894958,12,HEADER_SENT,42,0
66.22207593917847,28,HEADER_SENT,44,0
66.24601078033447,127,CONNECTED,0,0
66.24798583984375,127,HEADER_SENT,210,0
66.2487804889679,127,HEADER_SENT,33,0
66.26913070678711,107,HEADER_SENT,28,0
66.32950615882874,61,HEADER_SENT,15,0
66.48086476325989,84,HEADER_SENT,18,0
66.69032406806946,29,HEADER_SENT,26,0
66.70999336242676,128,CONNECTED,0,0
66.71075916290283,128,HEADER_SENT,217,0
66.71087980270386,128,HEADER_SENT,17,0
66.72022366523743,108,HEADER_SENT,29,0
66.74881720542908,13,HEADER_SENT,17,0
67.06272149085999,62,HEADER_SENT,22,0
67.07455658912659,129,CONNECTED,0,0
67.07624673843384,129,HEADER_SENT,210,0
67.0772430896759,129,HEADER_SENT,35,0
67.0866003036499,46,HEADER_SENT,28,0
67.09581136703491,30,HEADER_SENT,32,0
67.16507983207703,109,HEADER_SENT,34,0
67.26615381240845,14,HEADER_SENT,31,0
67.5055296421051,31,HEADER_SENT,43,0
67.53221607208252,63,HEADER_SENT,23,0
67.56774854660034,130,CONNECTED,0,0
67.56950664520264,130,HEADER_SENT,199,0
67.57019209861755,130,HEADER_SENT,36,0
67.58704328536987,47,HEADER_SENT,51,0
67.6981418132782,110,HEADER_SENT,48,0
68.01465702056885,85,HEADER_SENT,46,0
68.04634308815002,131,CONNECTED,0,0
68.04744911193848,131,HEADER_SENT,204,0
68.04767203330994,131,HEADER_SENT,44,0
68.13389468193054,64,HEADER_SENT,36,0
68.26811075210571,86,HEADER_SENT,27,0
68.28670978546143,111,HEADER_SENT,18,0
68.59053611755371,132,CONNECTED,0,0
68.59156966209412,132,HEADER_SENT,210,0
68.59170603752136,132,HEADER_SENT,38,0
68.59318494796753,65,HEADER_SENT,15,0
68.63161444664001,87,HEADER_SENT,20,0
68.79604172706604,15,HEADER_SENT,41,0
68.80535387992859,112,HEADER_SENT,19,0
68.84812498092651,32,HEADER_SENT,40,0
68.97077965736389,66,HEADER_SENT,33,0
68.98887515068054,88,HEADER_SENT,25,0
69.0436623096466,133,CONNECTED,0,0
69.04525637626648,133,HEADER_SENT,214,0
69.04577422142029,133,HEADER_SENT,20,0
69.10514378547668,16,HEADER_SENT,40,0
69.10877299308777,113,HEADER_SENT,16,0
69.11124730110168,48,HEADER_SENT,21,0
69.3123185634613,67,HEADER_SENT,35,0
69.38614630699158,89,HEADER_SENT,20,0
69.3957417011261,33,HEADER_SENT,20,0
69.4482352733612,134,CONNECTED,0,0
69.45059895515442,134,HEADER_SENT,211,0
69.45078086853027,134,HEADER_SENT,30,0
69.47161769866943,114,HEADER_SENT,32,0
69.528244972229,49,HEADER_SENT,27,0
69.62213206291199,17,HEADER_SENT,22,0
69.70445537567139,68,HEADER_SENT,24,0
69.7554669380188,90,HEADER_SENT,27,0
69.90365552902222,34,HEADER_SENT,15,0
70.02716255187988,135,CONNECTED,0,0
70.02880430221558,135,HEADER_SENT,208,0
70.02952194213867,135,HEADER_SENT,34,0
70.09931540489197,115,HEADER_SENT,14,0
70.20398259162903,69,HEADER_SENT,29,0
70.2095251083374,91,HEADER_SENT,17,0
70.27914762496948,35,HEADER_SENT,9,0
70.54616904258728,136,CONNECTED,0,0
70.54786777496338,136,HEADER_SENT,234,0
70.54797792434692,136,HEADER_SENT,29,0
70.56584978103638,92,HEADER_SENT,34,0
70.58788228034973,116,HEADER_SENT,40,0
70.61600661277771,0,HEADER_SENT,15,0
70.66671943664551,36,HEADER_SENT,25,0
70.72440934181213,70,HEADER_SENT,25,0
70.9218361377716,117,HEADER_SENT,18,0
70.92518186569214,137,CONNECTED,0,0
70.92578864097595,137,HEADER_SENT,224,0
70.92588663101196,137,HEADER_SENT,42,0
70.9920825958252,1,HEADER_SENT,31,0
71.00874710083008,93,HEADER_SENT,36,0
71.0235846042633,50,HEADER_SENT,43,0
71.10126852989197,71,HEADER_SENT,32,0
71.1369001865387,37,HEADER_SENT,34,0
71.26029896736145,18,HEADER_SENT,10,0
71.4054844379425,94,HEADER_SENT,41,0
71.4380111694336,138,CONNECTED,0,0
71.43949365615845,138,HEADER_SENT,196,0
71.4397964477539,138,HEADER_SENT,29,0
71.45335364341736,2,HEADER_SENT,29,0
71.50927639007568,51,HEADER_SENT,43,0
71.53135013580322,118,HEADER_SENT,29,0
71.63072538375854,38,HEADER_SENT,49,0
71.65389156341553,72,HEADER_SENT,45,0
71.76672196388245,139,CONNECTED,0,0
71.76947927474976,139,HEADER_SENT,221,0
71.76975345611572,139,HEADER_SENT,30,0
71.77526068687439,19,HEADER_SENT,27,0
71.82105612754822,95,HEADER_SENT,24,0
71.88599038124084,3,HEADER_SENT,28,0
71.89307165145874,52,HEADER_SENT,16,0
71.99014568328857,119,HEADER_SENT,28,0
72.06237006187439,73,HEADER_SENT,28,0
72.18350601196289,20,HEADER_SENT,28,0
72.2318024635315,53,HEADER_SENT,18,0
72.24826574325562,4,HEADER_SENT,49,0
72.32420682907104,74,HEADER_SENT,33,0
72.34327697753906,96,HEADER_SENT,15,0
72.367990732193,140,CONNECTED,0,0
72.37193012237549,140,HEADER_SENT,217,0
72.37431359291077,140,HEADER_SENT,19,0
72.41233038902283,120,HEADER_SENT,18,0
72.5551404953003,54,HEADER_SENT,24,0
72.68451237678528,21,HEADER_SENT,26,0
72.71621513366699,75,HEADER_SENT,19,0
72.74673223495483,97,HEADER_SENT,27,0
72.7599081993103,5,HEADER_SENT,42,0
72.77812767028809,141,CONNECTED,0,0
72.77951717376709,141,HEADER_SENT,226,0
72.77977967262268,141,HEADER_SENT,27,0
72.83487820625305,121,HEADER_SENT,16,0
73.01390600204468,39,HEADER_SENT,20,0
73.03301334381104,55,HEADER_SENT,38,0
73.05732560157776,98,HEADER_SENT,29,0
73.18513655662537,76,HEADER_SENT,33,0
73.20126938819885,22,HEADER_SENT,36,0
73.2348563671112,122,HEADER_SENT,11,0
73.25434494018555,6,HEADER_SENT,39,0
73.26248669624329,40,HEADER_SENT,18,0
73.28492641448975,142,CONNECTED,0,0
73.28597164154053,142,HEADER_SENT,212,0
73.28607511520386,142,HEADER_SENT,17,0
73.35583186149597,99,HEADER_SENT,21,0
73.47923350334167,56,HEADER_SENT,47,0
73.51240110397339,77,HEADER_SENT,38,0
73.53386783599854,41,HEADER_SENT,26,0
73.63137984275818,123,HEADER_SENT,32,0
73.64344263076782,23,HEADER_SENT,28,0
73.6628007888794,100,HEADER_SENT,15,0
73.77081346511841,7,HEADER_SENT,36,0
73.77350902557373,143,CONNECTED,0,0
73.77715992927551,143,HEADER_SENT,230,0
73.77734160423279,143,HEADER_SENT,18,0
73.89185929298401,57,HEADER_SENT,30,0
73.94050002098083,124,HEADER_SENT,37,0
73.97473168373108,42,HEADER_SENT,34,0
74.00525403022766,78,HEADER_SENT,21,0
74.02717399597168,101,HEADER_SENT,20,0
74.0978000164032,24,HEADER_SENT,26,0
74.14969825744629,144,CONNECTED,0,0
74.15394830703735,144,HEADER_SENT,206,0
74.15422582626343,144,HEADER_SENT,28,0
74.27530145645142,8,HEADER_SENT,49,0
74.30744576454163,102,HEADER_SENT,40,0
74.31973695755005,145,CONNECTED,0,0
74.32490015029907,145,HEADER_SENT,212,0
74.32508325576782,145,HEADER_SENT,17,0
74.32741737365723,125,HEADER_SENT,36,0
74.34125924110413,58,HEADER_SENT,20,0
74.45225977897644,79,HEADER_SENT,27,0
74.53427410125732,25,HEADER_SENT,19,0
74.58725047111511,103,HEADER_SENT,25,0
74.59208464622498,43,HEADER_SENT,21,0
74.714914560318,9,HEADER_SENT,41,0
74.83645009994507,80,HEADER_SENT,18,0
74.8466157913208,146,CONNECTED,0,0
74.85007524490356,146,HEADER_SENT,215,0
74.85054159164429,146,HEADER_SENT,35,0
74.95189547538757,104,HEADER_SENT,30,0
75.01486277580261,59,HEADER_SENT,47,0
75.01624655723572,44,HEADER_SENT,20,0
75.12130546569824,26,HEADER_SENT,39,0
75.18576717376709,10,HEADER_SENT,41,0
75.19024133682251,147,CONNECTED,0,0
75.19647407531738,147,HEADER_SENT,216,0
75.19688081741333,147,HEADER_SENT,32,0
75.23850965499878,81,HEADER_SENT,27,0
75.38810420036316,105,HEADER_SENT,44,0
75.55211687088013,45,HEADER_SENT,25,0
75.55282735824585,148,CONNECTED,0,0
75.55671954154968,148,HEADER_SENT,211,0
75.55718445777893,148,HEADER_SENT,27,0
75.5574266910553,27,HEADER_SENT,24,0
75.59182596206665,60,HEADER_SENT,32,0
75.6550657749176,82,HEADER_SENT,43,0
75.66240692138672,11,HEADER_SENT,28,0
75.74665307998657,126,HEADER_SENT,13,0
75.86835479736328,149,CONNECTED,0,0
75.87370800971985,149,HEADER_SENT,207,0
75.87395739555359,149,HEADER_SENT,29,0
75.8980770111084,106,HEADER_SENT,32,0
76.07175493240356,83,HEADER_SENT,15,0
76.1282160282135,150,CONNECTED,0,0
76.12955641746521,150,HEADER_SENT,205,0
76.12975525856018,150,HEADER_SENT,24,0
76.14620471000671,12,HEADER_SENT,39,0
76.22369170188904,28,HEADER_SENT,27,0
76.24923300743103,127,HEADER_SENT,22,0
76.26958775520325,107,HEADER_SENT,41,0
76.3299629688263,61,HEADER_SENT,23,0
76.36851954460144,151,CONNECTED,0,0
76.37095713615417,151,HEADER_SENT,223,0
76.3711667060852,151,HEADER_SENT,32,0
76.48165702819824,84,HEADER_SENT,20,0
76.69303822517395,29,HEADER_SENT,35,0
76.71193170547485,128,HEADER_SENT,30,0
76.72138667106628,108,HEADER_SENT,33,0
76.75096154212952,13,HEADER_SENT,28,0
76.76823329925537,152,CONNECTED,0,0
76.77070498466492,152,HEADER_SENT,223,0
76.77087354660034,152,HEADER_SENT,6,0
77.06309342384338,62,HEADER_SENT,30,0
77.07999420166016,129,HEADER_SENT,20,0
77.09039664268494,46,HEADER_SENT,34,0
77.09807014465332,30,HEADER_SENT,40,0
77.16684198379517,109,HEADER_SENT,46,0
77.24045467376709,153,CONNECTED,0,0
77.24524331092834,153,HEADER_SENT,214,0
77.24546265602112,153,HEADER_SENT,27,0
77.26705956459045,14,HEADER_SENT,31,0
77.50780892372131,31,HEADER_SENT,45,0
77.53439211845398,63,HEADER_SENT,25,0
77.57236337661743,130,HEADER_SENT,8,0
77.5892825126648,47,HEADER_SENT,48,0
77.68563532829285,154,CONNECTED,0,0
77.68972492218018,154,HEADER_SENT,226,0
77.69001770019531,154,HEADER_SENT,43,0
77.69877696037292,110,HEADER_SENT,22,0
78.01501750946045,85,HEADER_SENT,35,0
78.04533314704895,155,CONNECTED,0,0
78.04688167572021,155,HEADER_SENT,221,0
78.04701352119446,155,HEADER_SENT,25,0
78.04804825782776,131,HEADER_SENT,17,0
78.1345009803772,64,HEADER_SENT,12,0
78.268470287323,86,HEADER_SENT,27,0
78.28708958625793,111,HEADER_SENT,36,0
78.47567439079285,156,CONNECTED,0,0
78.47693538665771,156,HEADER_SENT,217,0
78.47718834877014,156,HEADER_SENT,30,0
78.59222745895386,132,HEADER_SENT,27,0
78.59485721588135,65,HEADER_SENT,25,0
78.63197684288025,87,HEADER_SENT,40,0
78.79702019691467,15,HEADER_SENT,46,0
78.80736970901489,112,HEADER_SENT,16,0
78.83519983291626,157,CONNECTED,0,0
78.83792018890381,157,HEADER_SENT,206,0
78.83806729316711,157,HEADER_SENT,12,0
78.84893941879272,32,HEADER_SENT,24,0
78.97309613227844,66,HEADER_SENT,21,0
78.99109482765198,88,HEADER_SENT,40,0
79.04761958122253,133,HEADER_SENT,47,0
79.10833215713501,16,HEADER_SENT,41,0
79.11068105697632,113,HEADER_SENT,18,0
79.11219692230225,48,HEADER_SENT,18,0
79.16084098815918,158,CONNECTED,0,0
79.1626181602478,158,HEADER_SENT,204,0
79.16282224655151,158,HEADER_SENT,14,0
79.31448912620544,67,HEADER_SENT,12,0
79.38851833343506,89,HEADER_SENT,32,0
79.39731097221375,33,HEADER_SENT,34,0
79.4375216960907,159,CONNECTED,0,0
79.4408311843872,159,HEADER_SENT,208,0
79.44110226631165,159,HEADER_SENT,36,0
79.45300769805908,134,HEADER_SENT,25,0
79.47389030456543,114,HEADER_SENT,45,0
79.53200030326843,49,HEADER_SENT,24,0
79.62563633918762,17,HEADER_SENT,26,0
79.7061882019043,68,HEADER_SENT,46,0
79.75679063796997,90,HEADER_SENT,32,0
79.80685067176819,160,CONNECTED,0,0
79.80800461769104,160,HEADER_SENT,218,0
79.80810809135437,160,HEADER_SENT,42,0
79.90448498725891,34,HEADER_SENT,46,0
80.03010034561157,135,HEADER_SENT,47,0
80.10150814056396,115,HEADER_SENT,28,0
80.20623755455017,69,HEADER_SENT,28,0
80.21003222465515,91,HEADER_SENT,31,0
80.28106904029846,35,HEADER_SENT,14,0
80.5484139919281,136,HEADER_SENT,43,0
80.56623125076294,92,HEADER_SENT,39,0
80.58827614784241,116,HEADER_SENT,37,0
80.61675119400024,0,HEADER_SENT,13,0
80.66810774803162,36,HEADER_SENT,38,0
80.72524785995483,70,HEADER_SENT,46,0
80.92225956916809,117,HEADER_SENT,18,0
80.92635369300842,137,HEADER_SENT,22,0
80.99320125579834,1,HEADER_SENT,45,0
81.01003623008728,93,HEADER_SENT,18,0
81.0249445438385,50,HEADER_SENT,37,0
81.1032702922821,71,HEADER_SENT,26,0
81.13793444633484,37,HEADER_SENT,34,0
81.16588497161865,161,CONNECTED,0,0
81.16783356666565,161,HEADER_SENT,218,0
81.16798973083496,161,HEADER_SENT,25,0
81.26143908500671,18,HEADER_SENT,38,0
81.40661549568176,94,HEADER_SENT,31,0
81.44020938873291,138,HEADER_SENT,31,0
81.45398497581482,2,HEADER_SENT,33,0
81.51031541824341,51,HEADER_SENT,47,0
81.53184223175049,118,HEADER_SENT,15,0
81.63180303573608,38,HEADER_SENT,33,0
81.6543869972229,72,HEADER_SENT,33,0
81.71995687484741,162,CONNECTED,0,0
81.72103071212769,162,HEADER_SENT,223,0
81.72113394737244,162,HEADER_SENT,29,0
81.77010726928711,139,HEADER_SENT,35,0
81.77609467506409,19,HEADER_SENT,24,0
81.82148170471191,95,HEADER_SENT,32,0
81.88698434829712,3,HEADER_SENT,24,0
81.8938422203064,52,HEADER_SENT,47,0
81.99086737632751,119,HEADER_SENT,24,0
82.06316661834717,73,HEADER_SENT,41,0
82.14211177825928,163,CONNECTED,0,0
82.143474817276,163,HEADER_SENT,206,0
82.14357137680054,163,HEADER_SENT,8,0
82.18439865112305,20,HEADER_SENT,37,0
82.23279690742493,53,HEADER_SENT,33,0
82.24926233291626,4,HEADER_SENT,36,0
82.32512879371643,74,HEADER_SENT,30,0
82.34365892410278,96,HEADER_SENT,9,0
82.3746931552887,140,HEADER_SENT,12,0
82.41318798065186,120,HEADER_SENT,21,0
82.55595755577087,54,HEADER_SENT,36,0
82.5656328201294,164,CONNECTED,0,0
82.56807971000671,164,HEADER_SENT,228,0
82.5684585571289,164,HEADER_SENT,25,0
82.68526315689087,21,HEADER_SENT,49,0
82.71661353111267,75,HEADER_SENT,35,0
82.7471215724945,97,HEADER_SENT,25,0
82.76035833358765,5,HEADER_SENT,11,0
82.78007936477661,141,HEADER_SENT,21,0
82.83532238006592,121,HEADER_SENT,22,0
82.85599374771118,165,CONNECTED,0,0
82.85658931732178,165,HEADER_SENT,225,0
82.8567407131195,165,HEADER_SENT,18,0
83.0144031047821,39,HEADER_SENT,38,0
83.03343939781189,55,HEADER_SENT,27,0
83.05769777297974,98,HEADER_SENT,26,0
83.18639254570007,76,HEADER_SENT,35,0
83.20209836959839,22,HEADER_SENT,30,0
83.22327446937561,166,CONNECTED,0,0
83.22546052932739,166,HEADER_SENT,201,0
83.22563648223877,166,HEADER_SENT,23,0
83.23555421829224,122,HEADER_SENT,46,0
83.25568866729736,6,HEADER_SENT,37,0
83.26482844352722,40,HEADER_SENT,22,0
83.28675937652588,142,HEADER_SENT,25,0
83.35803556442261,99,HEADER_SENT,7,0
83.47971510887146,56,HEADER_SENT,31,0
83.51282072067261,77,HEADER_SENT,21,0
83.53433418273926,41,HEADER_SENT,33,0
83.63180327415466,123,HEADER_SENT,33,0
83.64480376243591,23,HEADER_SENT,12,0
83.66345715522766,100,HEADER_SENT,22,0
83.77183032035828,7,HEADER_SENT,29,0
83.77764868736267,143,HEADER_SENT,15,0
83.89257621765137,57,HEADER_SENT,26,0
83.94095730781555,124,HEADER_SENT,30,0
83.97574543952942,42,HEADER_SENT,25,0
84.00574159622192,78,HEADER_SENT,30,0
84.0277910232544,101,HEADER_SENT,36,0
84.09862446784973,24,HEADER_SENT,45,0
84.15463089942932,144,HEADER_SENT,24,0
84.27617025375366,8,HEADER_SENT,35,0
84.30826044082642,102,HEADER_SENT,17,0
84.32544112205505,145,HEADER_SENT,26,0
84.32836174964905,125,HEADER_SENT,30,0
84.34201216697693,58,HEADER_SENT,37,0
84.45283699035645,79,HEADER_SENT,34,0
84.53556656837463,25,HEADER_SENT,42,0
84.5879590511322,103,HEADER_SENT,6,0
84.59323167800903,43,HEADER_SENT,15,0
84.71583294868469,9,HEADER_SENT,15,0
84.83682608604431,80,HEADER_SENT,38,0
84.85107469558716,146,HEADER_SENT,19,0
84.8614935874939,167,CONNECTED,0,0
84.8625020980835,167,HEADER_SENT,213,0
84.8626172542572,167,HEADER_SENT,20,0
84.95227122306824,104,HEADER_SENT,8,0
85.01523613929749,59,HEADER_SENT,9,0
85.0171308517456,44,HEADER_SENT,35,0
85.12233352661133,26,HEADER_SENT,48,0
85.18657755851746,10,HEADER_SENT,22,0
85.19731736183167,147,HEADER_SENT,46,0
85.2323386669159,168,CONNECTED,0,0
85.23316192626953,168,HEADER_SENT,215,0
85.2332866191864,168,HEADER_SENT,38,0
85.23893237113953,81,HEADER_SENT,19,0
85.38980412483215,105,HEADER_SENT,26,0
85.55281496047974,45,HEADER_SENT,18,0
85.55794429779053,27,HEADER_SENT,30,0
85.55848717689514,148,HEADER_SENT,12,0
85.575843334198,169,CONNECTED,0,0
85.57706356048584,169,HEADER_SENT,200,0
85.5771803855896,169,HEADER_SENT,8,0
85.59287548065186,60,HEADER_SENT,31,0
85.65562105178833,82,HEADER_SENT,42,0
85.66358661651611,11,HEADER_SENT,44,0
85.74721121788025,126,HEADER_SENT,44,0
85.8743965625763,149,HEADER_SENT,37,0
85.89848232269287,106,HEADER_SENT,32,0
85.93630051612854,170,CONNECTED,0,0
85.93709707260132,170,HEADER_SENT,204,0
85.93721532821655,170,HEADER_SENT,35,0
86.0734031200409,83,HEADER_SENT,34,0
86.13137125968933,150,HEADER_SENT,43,0
86.14714217185974,12,HEADER_SENT,19,0
86.22572088241577,28,HEADER_SENT,37,0
86.25102758407593,127,HEADER_SENT,35,0
86.27125096321106,107,HEADER_SENT,27,0
86.33083963394165,61,HEADER_SENT,32,0
86.37161207199097,151,HEADER_SENT,20,0
86.43372130393982,171,CONNECTED,0,0
86.43514132499695,171,HEADER_SENT,216,0
86.4352695941925,171,HEADER_SENT,30,0
86.48215389251709,84,HEADER_SENT,41,0
86.6950159072876,29,HEADER_SENT,23,0
86.71354031562805,128,HEADER_SENT,39,0
86.72230052947998,108,HEADER_SENT,21,0
86.75210785865784,13,HEADER_SENT,36,0
86.77176094055176,152,HEADER_SENT,32,0
86.91139578819275,172,CONNECTED,0,0
86.91365504264832,172,HEADER_SENT,219,0
86.91377782821655,172,HEADER_SENT,14,0
87.06596350669861,62,HEADER_SENT,35,0
87.08181834220886,129,HEADER_SENT,29,0
87.0912184715271,46,HEADER_SENT,6,0
87.09920883178711,30,HEADER_SENT,37,0
87.16734552383423,109,HEADER_SENT,27,0
87.21584224700928,173,CONNECTED,0,0
87.21764469146729,173,HEADER_SENT,218,0
87.21774816513062,173,HEADER_SENT,24,0
87.2459237575531,153,HEADER_SENT,25,0
87.26744151115417,14,HEADER_SENT,20,0
87.5171365737915,31,HEADER_SENT,13,0
87.53638648986816,63,HEADER_SENT,20,0
87.5653612613678,174,CONNECTED,0,0
87.56906795501709,174,HEADER_SENT,209,0
87.56933379173279,174,HEADER_SENT,40,0
87.57377815246582,130,HEADER_SENT,30,0
87.59166550636292,47,HEADER_SENT,47,0
87.69198441505432,154,HEADER_SENT,36,0
87.70128035545349,110,HEADER_SENT,46,0
87.97221755981445,175,CONNECTED,0,0
87.97615694999695,175,HEADER_SENT,207,0
87.9764621257782,175,HEADER_SENT,45,0
88.01719951629639,85,HEADER_SENT,28,0
88.04896426200867,155,HEADER_SENT,29,0
88.0495092868805,131,HEADER_SENT,34,0
88.13854360580444,64,HEADER_SENT,38,0
88.27209711074829,86,HEADER_SENT,38,0
88.2894856929779,111,HEADER_SENT,45,0
88.38014936447144,176,CONNECTED,0,0
88.38419198989868,176,HEADER_SENT,205,0
88.38686895370483,176,HEADER_SENT,28,0
88.48039054870605,156,HEADER_SENT,40,0
88.59488725662231,132,HEADER_SENT,18,0
88.59769535064697,65,HEADER_SENT,33,0
88.63409376144409,87,HEADER_SENT,35,0
88.79913353919983,15,HEADER_SENT,24,0
88.8096694946289,112,HEADER_SENT,36,0
88.82172632217407,177,CONNECTED,0,0
88.82589483261108,177,HEADER_SENT,211,0
88.82617545127869,177,HEADER_SENT,31,0
88.83871960639954,157,HEADER_SENT,24,0
88.85158801078796,32,HEADER_SENT,19,0
88.97518801689148,66,HEADER_SENT,11,0
88.99577856063843,88,HEADER_SENT,40,0
89.04985809326172,133,HEADER_SENT,22,0
89.1103994846344,16,HEADER_SENT,17,0
89.11381673812866,48,HEADER_SENT,33,0
89.11512875556946,113,HEADER_SENT,38,0
89.16493439674377,158,HEADER_SENT,19,0
89.22348165512085,178,CONNECTED,0,0
89.22917556762695,178,HEADER_SENT,224,0
89.22945356369019,178,HEADER_SENT,28,0
89.32022285461426,67,HEADER_SENT,32,0
89.39252352714539,89,HEADER_SENT,23,0
89.39897227287292,33,HEADER_SENT,19,0
89.44316101074219,159,HEADER_SENT,28,0
89.45569849014282,134,HEADER_SENT,14,0
89.47615933418274,114,HEADER_SENT,21,0
89.53476119041443,49,HEADER_SENT,19,0
89.62789034843445,17,HEADER_SENT,36,0
89.70892405509949,68,HEADER_SENT,14,0
89.75870823860168,90,HEADER_SENT,34,0
89.78490018844604,179,CONNECTED,0,0
89.7885377407074,179,HEADER_SENT,214,0
89.7888195514679,179,HEADER_SENT,28,0
89.80990386009216,160,HEADER_SENT,34,0
89.90681314468384,34,HEADER_SENT,40,0
90.03227543830872,135,HEADER_SENT,43,0
90.10373115539551,115,HEADER_SENT,26,0
90.21064400672913,69,HEADER_SENT,40,0
90.21346139907837,91,HEADER_SENT,15,0
90.28328347206116,35,HEADER_SENT,11,0
90.29573011398315,180,CONNECTED,0,0
90.29934597015381,180,HEADER_SENT,216,0
90.29961442947388,180,HEADER_SENT,30,0
90.55002403259277,136,HEADER_SENT,40,0
90.57004189491272,92,HEADER_SENT,9,0
90.59026074409485,116,HEADER_SENT,22,0
90.62080788612366,0,HEADER_SENT,25,0
90.67296695709229,36,HEADER_SENT,26,0
90.72733998298645,70,HEADER_SENT,35,0
90.9244658946991,117,HEADER_SENT,32,0
90.926833152771,137,HEADER_SENT,36,0
90.99518609046936,1,HEADER_SENT,33,0
91.01373147964478,93,HEADER_SENT,30,0
91.02697205543518,50,HEADER_SENT,16,0
91.10642647743225,71,HEADER_SENT,38,0
91.14108037948608,37,HEADER_SENT,20,0
91.17193937301636,161,HEADER_SENT,18,0
91.26362466812134,18,HEADER_SENT,41,0
91.40878939628601,94,HEADER_SENT,14,0
91.44232249259949,138,HEADER_SENT,24,0
91.4593551158905,2,HEADER_SENT,30,0
91.51299214363098,51,HEADER_SENT,24,0
91.535719871521,118,HEADER_SENT,30,0
91.6358859539032,38,HEADER_SENT,19,0
91.65753650665283,72,HEADER_SENT,50,0
91.7214674949646,162,HEADER_SENT,34,0
91.77081227302551,139,HEADER_SENT,25,0
91.77700519561768,19,HEADER_SENT,43,0
91.79250383377075,181,CONNECTED,0,0
91.79376482963562,181,HEADER_SENT,204,0
91.79388999938965,181,HEADER_SENT,40,0
91.82190704345703,95,HEADER_SENT,29,0
91.88789939880371,3,HEADER_SENT,29,0
91.8948266506195,52,HEADER_SENT,22,0
91.99135899543762,119,HEADER_SENT,38,0
92.06417322158813,73,HEADER_SENT,17,0
92.14452147483826,163,HEADER_SENT,20,0
92.1865062713623,20,HEADER_SENT,16,0
92.23559355735779,53,HEADER_SENT,12,0
92.251047372818,4,HEADER_SENT,26,0
92.32563996315002,74,HEADER_SENT,29,0
92.34437346458435,96,HEADER_SENT,41,0
92.37519550323486,140,HEADER_SENT,35,0
92.41371393203735,120,HEADER_SENT,31,0
92.5572099685669,54,HEADER_SENT,44,0
92.57019352912903,164,HEADER_SENT,19,0
92.68635368347168,21,HEADER_SENT,40,0
92.71742415428162,75,HEADER_SENT,42,0
92.74771022796631,97,HEADER_SENT,21,0
92.76140284538269,5,HEADER_SENT,35,0
92.78049182891846,141,HEADER_SENT,12,0
92.83574676513672,121,HEADER_SENT,13,0
92.8570728302002,165,HEADER_SENT,25,0
93.01494860649109,39,HEADER_SENT,21,0
93.03493022918701,55,HEADER_SENT,42,0
93.05892848968506,98,HEADER_SENT,32,0
93.1877429485321,76,HEADER_SENT,16,0
93.20300674438477,22,HEADER_SENT,28,0
93.22605872154236,166,HEADER_SENT,25,0
93.23602724075317,122,HEADER_SENT,25,0
93.25657272338867,6,HEADER_SENT,39,0
93.26573252677917,40,HEADER_SENT,26,0
93.28733372688293,142,HEADER_SENT,50,0
93.36028456687927,99,HEADER_SENT,34,0
93.48184990882874,56,HEADER_SENT,44,0
93.51498532295227,77,HEADER_SENT,33,0
93.53722500801086,41,HEADER_SENT,35,0
93.58445525169373,182,CONNECTED,0,0
93.58774209022522,182,HEADER_SENT,196,0
93.58798837661743,182,HEADER_SENT,34,0
93.6338849067688,123,HEADER_SENT,40,0
93.64671230316162,23,HEADER_SENT,27,0
93.66547203063965,100,HEADER_SENT,19,0
93.77353501319885,7,HEADER_SENT,14,0
93.78035593032837,143,HEADER_SENT,29,0
93.89321064949036,57,HEADER_SENT,7,0
93.94126963615417,124,HEADER_SENT,12,0
93.97648692131042,42,HEADER_SENT,22,0
94.00609636306763,78,HEADER_SENT,11,0
94.02823424339294,101,HEADER_SENT,29,0
94.09940195083618,24,HEADER_SENT,33,0
94.15620040893555,144,HEADER_SENT,25,0
94.23490595817566,183,CONNECTED,0,0
94.23580932617188,183,HEADER_SENT,208,0
94.23590755462646,183,HEADER_SENT,28,0
94.27743887901306,8,HEADER_SENT,17,0
94.30868887901306,102,HEADER_SENT,10,0
94.32586717605591,145,HEADER_SENT,21,0
94.3290810585022,125,HEADER_SENT,43,0
94.34289741516113,58,HEADER_SENT,22,0
94.45438766479492,79,HEADER_SENT,12,0
94.53627419471741,25,HEADER_SENT,17,0
94.58957743644714,103,HEADER_SENT,19,0
94.59461832046509,43,HEADER_SENT,31,0
94.71691370010376,9,HEADER_SENT,38,0
94.8374400138855,80,HEADER_SENT,23,0
94.85158729553223,146,HEADER_SENT,20,0
94.86358118057251,167,HEADER_SENT,21,0
94.95274186134338,104,HEADER_SENT,33,0
95.01605200767517,59,HEADER_SENT,29,0
95.01780843734741,44,HEADER_SENT,22,0
95.12319231033325,26,HEADER_SENT,27,0
95.18740272521973,10,HEADER_SENT,32,0
95.19782853126526,147,HEADER_SENT,44,0
95.23361039161682,168,HEADER_SENT,36,0
95.23977470397949,81,HEADER_SENT,28,0
95.39119720458984,105,HEADER_SENT,28,0
95.55360317230225,45,HEADER_SENT,41,0
95.55849409103394,27,HEADER_SENT,25,0
95.55875611305237,148,HEADER_SENT,40,0
95.57758975028992,169,HEADER_SENT,35,0
95.59367156028748,60,HEADER_SENT,28,0
95.65597414970398,82,HEADER_SENT,18,0
95.66445446014404,11,HEADER_SENT,25,0
95.69474124908447,184,CONNECTED,0,0
95.69540810585022,184,HEADER_SENT,190,0
95.6955292224884,184,HEADER_SENT,39,0
95.74822616577148,126,HEADER_SENT,37,0
95.87679886817932,149,HEADER_SENT,46,0
95.90019154548645,106,HEADER_SENT,35,0
95.93927145004272,170,HEADER_SENT,43,0
96.07585716247559,83,HEADER_SENT,41,0
96.09639644622803,185,CONNECTED,0,0
96.0994188785553,185,HEADER_SENT,194,0
96.09963870048523,185,HEADER_SENT,18,0
96.13372588157654,150,HEADER_SENT,21,0
96.14815092086792,12,HEADER_SENT,33,0
96.22626066207886,28,HEADER_SENT,28,0
96.25182223320007,127,HEADER_SENT,24,0
96.27356219291687,107,HEADER_SENT,15,0
96.33154773712158,61,HEADER_SENT,31,0
96.37196946144104,151,HEADER_SENT,23,0
96.43563556671143,171,HEADER_SENT,39,0
96.4826147556305,84,HEADER_SENT,37,0
96.58214807510376,186,CONNECTED,0,0
96.58333802223206,186,HEADER_SENT,205,0
96.58352303504944,186,HEADER_SENT,44,0
96.69630694389343,29,HEADER_SENT,11,0
96.71426820755005,128,HEADER_SENT,36,0
96.72316241264343,108,HEADER_SENT,38,0
96.75394558906555,13,HEADER_SENT,36,0
96.77328824996948,152,HEADER_SENT,32,0
96.91511511802673,172,HEADER_SENT,47,0
97.06678676605225,62,HEADER_SENT,31,0
97.08220386505127,129,HEADER_SENT,29,0
97.09222793579102,46,HEADER_SENT,34,0
97.10001945495605,30,HEADER_SENT,31,0
97.11177706718445,187,CONNECTED,0,0
97.1131238937378,187,HEADER_SENT,206,0
97.1135003566742,187,HEADER_SENT,24,0
97.16773509979248,109,HEADER_SENT,37,0
97.21807503700256,173,HEADER_SENT,22,0
97.24717545509338,153,HEADER_SENT,18,0
97.26815295219421,14,HEADER_SENT,31,0
97.51799964904785,31,HEADER_SENT,39,0
97.53968358039856,63,HEADER_SENT,21,0
97.57296013832092,174,HEADER_SENT,29,0
97.57493901252747,130,HEADER_SENT,34,0
97.58040738105774,188,CONNECTED,0,0
97.58408308029175,188,HEADER_SENT,211,0
97.5843915939331,188,HEADER_SENT,38,0
97.59383416175842,47,HEADER_SENT,35,0
97.69252729415894,154,HEADER_SENT,35,0
97.70166420936584,110,HEADER_SENT,17,0
97.9779486656189,175,HEADER_SENT,27,0
98.02144408226013,85,HEADER_SENT,11,0
98.05021858215332,131,HEADER_SENT,35,0
98.0508873462677,155,HEADER_SENT,34,0
98.14096164703369,64,HEADER_SENT,23,0
98.21635246276855,189,CONNECTED,0,0
98.21870255470276,189,HEADER_SENT,226,0
98.21903681755066,189,HEADER_SENT,41,0
98.27484273910522,86,HEADER_SENT,46,0
98.29156398773193,111,HEADER_SENT,10,0
98.38763999938965,176,HEADER_SENT,33,0
98.48245000839233,156,HEADER_SENT,27,0
98.59577941894531,132,HEADER_SENT,31,0
98.59959578514099,65,HEADER_SENT,29,0
98.63442540168762,190,CONNECTED,0,0
98.63795852661133,190,HEADER_SENT,213,0
98.63841938972473,87,HEADER_SENT,34,0
98.63884544372559,190,HEADER_SENT,48,0
98.80033946037292,15,HEADER_SENT,22,0
98.81030869483948,112,HEADER_SENT,21,0
98.8267240524292,177,HEADER_SENT,22,0
98.83927464485168,157,HEADER_SENT,11,0
98.85253143310547,32,HEADER_SENT,17,0
98.97743010520935,66,HEADER_SENT,19,0
98.99049210548401,191,CONNECTED,0,0
98.99572324752808,191,HEADER_SENT,199,0
98.99613499641418,191,HEADER_SENT,17,0
98.99701738357544,88,HEADER_SENT,27,0
99.0520293712616,133,HEADER_SENT,46,0
99.11251997947693,16,HEADER_SENT,16,0
99.11522221565247,48,HEADER_SENT,7,0
99.11875677108765,113,HEADER_SENT,27,0
99.16697263717651,158,HEADER_SENT,16,0
99.23121047019958,178,HEADER_SENT,12,0
99.30087804794312,192,CONNECTED,0,0
99.30497479438782,192,HEADER_SENT,214,0
99.30520796775818,192,HEADER_SENT,30,0
99.32208395004272,67,HEADER_SENT,29,0
99.394850730896,89,HEADER_SENT,26,0
99.40120649337769,33,HEADER_SENT,36,0
99.44487977027893,159,HEADER_SENT,49,0
99.45791912078857,134,HEADER_SENT,37,0
99.47768688201904,114,HEADER_SENT,34,0
99.53652954101562,49,HEADER_SENT,30,0
99.6304497718811,17,HEADER_SENT,40,0
99.65524649620056,193,CONNECTED,0,0
99.65873265266418,193,HEADER_SENT,229,0
99.6609137058258,193,HEADER_SENT,20,0
99.71181917190552,68,HEADER_SENT,20,0
99.76414561271667,90,HEADER_SENT,25,0
99.79088687896729,179,HEADER_SENT,32,0
99.81141567230225,160,HEADER_SENT,29,0
99.90931344032288,34,HEADER_SENT,12,0
100.02287864685059,194,CONNECTED,0,0
100.02665615081787,194,HEADER_SENT,220,0
100.02689099311829,194,HEADER_SENT,28,0
100.03479385375977,135,HEADER_SENT,21,0
100.10589170455933,115,HEADER_SENT,22,0
100.21212005615234,69,HEADER_SENT,31,0
100.21546673774719,91,HEADER_SENT,42,0
100.28427290916443,35,HEADER_SENT,31,0
100.3015410900116,180,HEADER_SENT,25,0
100.37893295288086,195,CONNECTED,0,0
100.38185167312622,195,HEADER_SENT,221,0
100.38205695152283,195,HEADER_SENT,24,0
100.55171132087708,136,HEADER_SENT,31,0
100.57175326347351,92,HEADER_SENT,26,0
100.5920078754425,116,HEADER_SENT,33,0
100.62244248390198,0,HEADER_SENT,38,0
100.6751012802124,36,HEADER_SENT,42,0
100.72924470901489,70,HEADER_SENT,40,0
100.92149782180786,196,CONNECTED,0,0
100.92391562461853,196,HEADER_SENT,212,0
100.92413425445557,196,HEADER_SENT,38,0
100.92511248588562,117,HEADER_SENT,18,0
100.92800855636597,137,HEADER_SENT,17,0
100.99638271331787,1,HEADER_SENT,28,0
101.0145411491394,93,HEADER_SENT,33,0
101.02790403366089,50,HEADER_SENT,37,0
101.10843253135681,71,HEADER_SENT,20,0
101.14260363578796,37,HEADER_SENT,28,0
101.17363786697388,161,HEADER_SENT,21,0
101.26611495018005,18,HEADER_SENT,24,0
101.35511684417725,197,CONNECTED,0,0
101.35771536827087,197,HEADER_SENT,194,0
101.35787534713745,197,HEADER_SENT,39,0
101.4110496044159,94,HEADER_SENT,24,0
101.44576120376587,138,HEADER_SENT,18,0
101.46168637275696,2,HEADER_SENT,25,0
101.5148651599884,51,HEADER_SENT,22,0
101.53890371322632,118,HEADER_SENT,32,0
101.63844919204712,38,HEADER_SENT,39,0
101.66000533103943,72,HEADER_SENT,24,0
101.7231650352478,162,HEADER_SENT,29,0
101.77294182777405,139,HEADER_SENT,20,0
101.77884030342102,19,HEADER_SENT,18,0
101.7824764251709,198,CONNECTED,0,0
101.78607845306396,198,HEADER_SENT,217,0
101.78630781173706,198,HEADER_SENT,18,0
101.79697036743164,181,HEADER_SENT,30,0
101.82337021827698,95,HEADER_SENT,36,0
101.8896427154541,3,HEADER_SENT,20,0
101.89718317985535,52,HEADER_SENT,19,0
101.99353814125061,119,HEADER_SENT,40,0
102.06586217880249,73,HEADER_SENT,32,0
102.14780569076538,163,HEADER_SENT,12,0
102.18919539451599,20,HEADER_SENT,25,0
102.19287133216858,199,CONNECTED,0,0
102.19435238838196,199,HEADER_SENT,210,0
102.1945641040802,199,HEADER_SENT,9,0
102.23696422576904,53,HEADER_SENT,23,0
102.25254034996033,4,HEADER_SENT,21,0
102.3277907371521,74,HEADER_SENT,19,0
102.34615874290466,96,HEADER_SENT,45,0
102.37744450569153,140,HEADER_SENT,32,0
102.41610932350159,120,HEADER_SENT,23,0
102.55988764762878,54,HEADER_SENT,17,0
102.57322239875793,164,HEADER_SENT,42,0
102.60886335372925,200,CONNECTED,0,0
102.61124873161316,200,HEADER_SENT,212,0
102.6116635799408,200,HEADER_SENT,30,0
102.6885142326355,21,HEADER_SENT,23,0
102.71901512145996,75,HEADER_SENT,27,0
102.74981832504272,97,HEADER_SENT,33,0
102.76363325119019,5,HEADER_SENT,26,0
102.78312587738037,141,HEADER_SENT,25,0
102.83651328086853,121,HEADER_SENT,28,0
102.85767483711243,165,HEADER_SENT,34,0
103.01921892166138,39,HEADER_SENT,39,0
103.03711128234863,55,HEADER_SENT,35,0
103.06111311912537,98,HEADER_SENT,30,0
103.15914368629456,201,CONNECTED,0,0
103.16047096252441,201,HEADER_SENT,193,0
103.16121673583984,201,HEADER_SENT,47,0
103.18827414512634,76,HEADER_SENT,31,0
103.20369982719421,22,HEADER_SENT,12,0
103.21158766746521,0,CLOSED,0,0
103.21171498298645,1,CLOSED,0,0
103.21179008483887,2,CLOSED,0,0
103.21183824539185,3,CLOSED,0,0
103.21188378334045,4,CLOSED,0,0
103.21192169189453,5,CLOSED,0,0
103.21195912361145,6,CLOSED,0,0
103.21199774742126,7,CLOSED,0,0
103.21203374862671,8,CLOSED,0,0
103.2120714187622,9,CLOSED,0,0
103.2121102809906,10,CLOSED,0,0
103.21214818954468,11,CLOSED,0,0
103.21218538284302,12,CLOSED,0,0
103.2122232913971,13,CLOSED,0,0
103.21226024627686,14,CLOSED,0,0
103.21229815483093,15,CLOSED,0,0
103.21234178543091,16,CLOSED,0,0
103.21237897872925,17,CLOSED,0,0
103.21241569519043,18,CLOSED,0,0
103.21247601509094,19,CLOSED,0,0
103.21251487731934,20,CLOSED,0,0
103.21255230903625,21,CLOSED,0,0
103.2125916481018,22,CLOSED,0,0
103.21262955665588,23,CLOSED,0,0
103.212730884552,24,CLOSED,0,0
103.21277403831482,25,CLOSED,0,0
103.21282076835632,26,CLOSED,0,0
103.21286106109619,27,CLOSED,0,0
103.21290993690491,28,CLOSED,0,0
103.21296453475952,29,CLOSED,0,0
103.21300268173218,30,CLOSED,0,0
103.21304368972778,31,CLOSED,0,0
103.21309614181519,32,CLOSED,0,0
103.21321845054626,33,CLOSED,0,0
103.2132637500763,34,CLOSED,0,0
103.213303565979,35,CLOSED,0,0
103.21334314346313,36,CLOSED,0,0
103.21338152885437,37,CLOSED,0,0
103.21341872215271,38,CLOSED,0,0
103.21346020698547,39,CLOSED,0,0
103.21350431442261,40,CLOSED,0,0
103.21354150772095,41,CLOSED,0,0
103.21357989311218,42,CLOSED,0,0
103.21361827850342,43,CLOSED,0,0
103.21366262435913,44,CLOSED,0,0
103.21370029449463,45,CLOSED,0,0
103.21373796463013,46,CLOSED,0,0
103.21377348899841,47,CLOSED,0,0
103.21381092071533,48,CLOSED,0,0
103.21384859085083,49,CLOSED,0,0
103.21388840675354,50,CLOSED,0,0
103.2139253616333,51,CLOSED,0,0
103.21396160125732,52,CLOSED,0,0
103.21399807929993,53,CLOSED,0,0
103.21403908729553,54,CLOSED,0,0
103.2140748500824,55,CLOSED,0,0
103.21411204338074,56,CLOSED,0,0
103.21414971351624,57,CLOSED,0,0
103.21418738365173,58,CLOSED,0,0
103.21422553062439,59,CLOSED,0,0
103.21426916122437,60,CLOSED,0,0
103.21431756019592,61,CLOSED,0,0
103.21435499191284,62,CLOSED,0,0
103.21439528465271,63,CLOSED,0,0
103.21444296836853,64,CLOSED,0,0
103.21448159217834,65,CLOSED,0,0
103.21452283859253,66,CLOSED,0,0
103.21455883979797,67,CLOSED,0,0
103.21459579467773,68,CLOSED,0,0
103.21463227272034,69,CLOSED,0,0
103.21466875076294,70,CLOSED,0,0
103.21476340293884,71,CLOSED,0,0
103.21480631828308,72,CLOSED,0,0
103.21484565734863,73,CLOSED,0,0
103.21488213539124,74,CLOSED,0,0
103.21491932868958,75,CLOSED,0,0
103.21495485305786,76,CLOSED,0,0
103.21498918533325,77,CLOSED,0,0
103.2150228023529,78,CLOSED,0,0
103.2150571346283,79,CLOSED,0,0
103.21509647369385,80,CLOSED,0,0
103.21513199806213,81,CLOSED,0,0
103.21516847610474,82,CLOSED,0,0
103.21521329879761,83,CLOSED,0,0
103.21524858474731,84,CLOSED,0,0
103.21528363227844,85,CLOSED,0,0
103.21532011032104,86,CLOSED,0,0
103.21535611152649,87,CLOSED,0,0
103.21539282798767,88,CLOSED,0,0
103.21542644500732,89,CLOSED,0,0
103.21546030044556,90,CLOSED,0,0
103.21550559997559,91,CLOSED,0,0
103.21554136276245,92,CLOSED,0,0
103.21558594703674,93,CLOSED,0,0
103.21562337875366,94,CLOSED,0,0
103.21565961837769,95,CLOSED,0,0
103.21570229530334,96,CLOSED,0,0
103.21573781967163,97,CLOSED,0,0
103.21577286720276,98,CLOSED,0,0
103.21580791473389,99,CLOSED,0,0
103.21584916114807,100,CLOSED,0,0
103.21588659286499,101,CLOSED,0,0
103.21592998504639,102,CLOSED,0,0
103.21596479415894,103,CLOSED,0,0
103.21600079536438,104,CLOSED,0,0
103.21603655815125,105,CLOSED,0,0
103.21607089042664,106,CLOSED,0,0
103.21610498428345,107,CLOSED,0,0
103.21613931655884,108,CLOSED,0,0
103.216224193573,109,CLOSED,0,0
103.21626591682434,110,CLOSED,0,0
103.21630239486694,111,CLOSED,0,0
103.21633791923523,112,CLOSED,0,0
103.21637320518494,113,CLOSED,0,0
103.21641039848328,114,CLOSED,0,0
103.21644735336304,115,CLOSED,0,0
103.21648526191711,116,CLOSED,0,0
103.21652293205261,117,CLOSED,0,0
103.21655893325806,118,CLOSED,0,0
103.2165961265564,119,CLOSED,0,0
103.21668148040771,120,CLOSED,0,0
103.21673107147217,121,CLOSED,0,0
103.21677160263062,122,CLOSED,0,0
103.21681380271912,123,CLOSED,0,0
103.21685862541199,124,CLOSED,0,0
103.21691107749939,125,CLOSED,0,0
103.21695232391357,126,CLOSED,0,0
103.21698880195618,127,CLOSED,0,0
103.21707534790039,128,CLOSED,0,0
103.21711683273315,129,CLOSED,0,0
103.21717667579651,130,CLOSED,0,0
103.21721625328064,131,CLOSED,0,0
103.21725392341614,132,CLOSED,0,0
103.21728897094727,133,CLOSED,0,0
103.21732378005981,134,CLOSED,0,0
103.21736073493958,135,CLOSED,0,0
103.2174003124237,136,CLOSED,0,0
103.21743893623352,137,CLOSED,0,0
103.21747589111328,138,CLOSED,0,0
103.21751308441162,139,CLOSED,0,0
103.21755075454712,140,CLOSED,0,0
103.21760725975037,141,CLOSED,0,0
103.2176468372345,142,CLOSED,0,0
103.21768712997437,143,CLOSED,0,0
103.2177312374115,144,CLOSED,0,0
103.21777820587158,145,CLOSED,0,0
103.21781516075134,146,CLOSED,0,0
103.21794319152832,147,CLOSED,0,0
103.21798992156982,148,CLOSED,0,0
103.21802926063538,149,CLOSED,0,0
103.21806907653809,150,CLOSED,0,0
103.21840834617615,151,CLOSED,0,0
103.21885204315186,152,CLOSED,0,0
103.21908617019653,153,CLOSED,0,0
103.2192976474762,154,CLOSED,0,0
103.21947193145752,155,CLOSED,0,0
103.21974468231201,156,CLOSED,0,0
103.21995949745178,157,CLOSED,0,0
103.22008895874023,158,CLOSED,0,0
103.22014999389648,159,CLOSED,0,0
103.22020649909973,160,CLOSED,0,0
103.22025156021118,161,CLOSED,0,0
103.22031760215759,162,CLOSED,0,0
103.2203586101532,163,CLOSED,0,0
103.2204098701477,164,CLOSED,0,0
103.22045230865479,165,CLOSED,0,0
103.22049260139465,166,CLOSED,0,0
103.22053360939026,167,CLOSED,0,0
103.22056698799133,168,CLOSED,0,0
103.22059392929077,169,CLOSED,0,0
103.220623254776,170,CLOSED,0,0
103.22071146965027,171,CLOSED,0,0
103.22074317932129,172,CLOSED,0,0
103.22076845169067,173,CLOSED,0,0
103.22079372406006,174,CLOSED,0,0
103.22082328796387,175,CLOSED,0,0
103.22084832191467,176,CLOSED,0,0
103.22087621688843,177,CLOSED,0,0
103.22090172767639,178,CLOSED,0,0
103.2209243774414,179,CLOSED,0,0
103.22094750404358,180,CLOSED,0,0
103.22096991539001,181,CLOSED,0,0
103.22111964225769,182,CLOSED,0,0
103.22115969657898,183,CLOSED,0,0
103.22119355201721,184,CLOSED,0,0
103.22129011154175,185,CLOSED,0,0
103.2213294506073,186,CLOSED,0,0
103.22136211395264,187,CLOSED,0,0
103.22139644622803,188,CLOSED,0,0
103.22142815589905,189,CLOSED,0,0
103.2214605808258,190,CLOSED,0,0
103.22150373458862,191,CLOSED,0,0
103.22153782844543,192,CLOSED,0,0
103.22157049179077,193,CLOSED,0,0
103.22161102294922,194,CLOSED,0,0
103.22164106369019,195,CLOSED,0,0
103.22167086601257,196,CLOSED,0,0
103.2217001914978,197,CLOSED,0,0
103.22173047065735,198,CLOSED,0,0
103.22176098823547,199,CLOSED,0,0
103.22179102897644,200,CLOSED,0,0
103.22182655334473,201,CLOSED,0,0
